ID,Category,Design Element,Description,Human Quality Signal
1,Typography,Hand-drawn letterforms,Letters with visible pen stroke variation and natural wobble,Imperfect stroke width
2,Typography,Irregular baseline,Letters sitting slightly above or below the baseline in a natural rhythm,Organic rhythm
3,Typography,Variable letter spacing,Intentionally uneven kerning that mimics human typesetting,Breathing room variation
4,Typography,Ink bleed effect,Letters that appear to have slight ink spreading into paper texture,Physical process trace
5,Typography,Rough brush strokes,Typefaces with visible brush bristle marks and texture,Tool mark evidence
6,Typography,Handwritten annotations,Margin notes and arrows that look scribbled by hand,Casual human gesture
7,Typography,Letterpress impression,Type that appears pressed into the surface with subtle shadow,Physical depth trace
8,Typography,Skewed characters,Individual letters slightly rotated as if drawn by hand,Natural hand tremor
9,Typography,Overlapping letters,Letters that slightly overlap each other like real handwriting,Human spacing error
10,Typography,Varying x-height,Inconsistent lowercase letter heights across a word,Organic inconsistency
11,Typography,Hand-drawn underlines,Wavy or slightly crooked underline beneath text,Imperfect gesture
12,Typography,Smudged text effect,Letters with slight smudging as if touched while wet,Physical interaction
13,Typography,Erased text remnants,Faint ghost letters showing previous attempts,Process evidence
14,Typography,Stitched typography,Letters that appear sewn with visible thread paths,Manual craft
15,Typography,Woodcut letterforms,Letters with carved wood grain texture and chisel marks,Traditional craft
16,Typography,Charcoal sketch type,Letters with granular charcoal texture and soft edges,Drawing medium trace
17,Typography,Watercolor wash letters,Letters with translucent watercolor bleeding effects,Paint behavior
18,Typography,Neon tube flicker,Hand-bent neon tube letters with slight glow variation,Physical material
19,Typography,Chalkboard writing,Letters with chalk dust particles and board texture,Classroom nostalgia
20,Typography,Typewriter unevenness,Letters with varying darkness and alignment like old typewriters,Mechanical imperfection
21,Texture,Paper grain overlay,Visible paper fiber texture across the entire design,Material authenticity
22,Texture,Film grain noise,Analog film grain that adds organic noise to surfaces,Photographic heritage
23,Texture,Canvas weave pattern,Visible woven canvas texture behind elements,Painter's surface
24,Texture,Concrete roughness,Raw concrete texture with visible aggregate,Brutalist material
25,Texture,Wood grain pattern,Natural wood rings and grain visible in backgrounds,Organic material
26,Texture,Fabric stitch lines,Visible sewing stitches along edges of elements,Handmade clothing
27,Texture,Watercolor paper texture,Rough cold-press paper texture visible through washes,Art supply authenticity
28,Texture,Leather grain,Natural leather pores and wrinkles in UI surfaces,Luxury craft
29,Texture,Stone surface,Granite or marble veining in backgrounds,Natural geology
30,Texture,Metal oxidation,Subtle patina and tarnish on metallic elements,Aging process
31,Texture,Pencil sketch lines,Graphite lines with visible pencil grain and pressure variation,Drawing tool trace
32,Texture,Crayon wax buildup,Waxy texture with visible layering and pressure marks,Childhood craft
33,Texture,Pastel chalk dust,Soft chalk particles visible on dark backgrounds,Art studio feel
34,Texture,Spray paint splatter,Aerosol paint droplets and overspray patterns,Street art energy
35,Texture,Screen print halftone,Visible dot patterns from screen printing process,Print shop craft
36,Texture,Linocut marks,Carved linoleum block printing marks with relief edges,Relief printing
37,Texture,Etching lines,Fine acid-etched lines on metal-appearing surfaces,Traditional printmaking
38,Texture,Risograph ink bleed,Layered riso printing with slight misregistration,DIY publishing
39,Texture,Photocopy degradation,Xeroxed appearance with generation loss and toner scatter,Office nostalgia
40,Texture,Newsprint dot pattern,Visible CMYK or newsprint dot patterns on backgrounds,Mass media craft
41,Color,Hand-mixed color variation,Slight color shifts as if mixed by hand each time,Paint mixing
42,Color,Watercolor bleeding,Colors that bleed into each other with soft edges,Water behavior
43,Color,Imperfect gradient,Gradients with slight banding or irregular transitions,Non-digital feel
44,Color,Earth tone palette,Natural colors sourced from soil plants and minerals,Organic origin
45,Color,Faded vintage colors,Colors that appear sun-bleached or time-worn,Aging narrative
46,Color,Analog film color cast,Warm or cool color shifts characteristic of film stocks,Photographic chemistry
47,Color,Hand-dyed fabric colors,Slightly uneven dye absorption visible in color fields,Textile craft
48,Color,Pigment granulation,Visible pigment particles settling in washes,Physical paint behavior
49,Color,Overprinted colors,Colors that appear layered with slight offset,Print process
50,Color,Pigment separation,CMYK plates slightly misaligned creating color fringing,Print imperfection
51,Color,Ink density variation,Areas of heavier and lighter ink application,Manual printing
52,Color,Color bleeding at edges,Colors that spread slightly beyond their intended boundaries,Physical medium
53,Color,Hand-painted color fields,Visible brush stroke direction in solid color areas,Painterly gesture
54,Color,Weathered paint colors,Colors that appear chipped or weathered from exposure,Environmental aging
55,Color,Natural dye palette,Colors derived from plant-based dyes with organic variation,Botanical origin
56,Color,Monochrome with warmth,Black and white with subtle warm undertone,Hand-tinted photo
57,Color,Cross-processed colors,Unusual color shifts from film processing errors,Analog accident
58,Color,Bleach bypass tones,High contrast desaturated colors with silver retention,Darkroom technique
59,Color,Solarized color inversion,Partial color reversal creating surreal tones,Chemical reaction
60,Color,Hand-colored photograph,Selective color applied to black and white base,Manual colorization
61,Layout,Asymmetric grid,Broken grid layout with intentional imbalance,Human composition
62,Layout,Organic whitespace,Variable spacing that breathes naturally rather than following rigid multiples,Organic rhythm
63,Layout,Off-center focal point,Main content deliberately shifted from center,Human composition choice
64,Layout,Overlapping content layers,Elements that overlap with intentional depth,Physical layering
65,Layout,Diagonal flow,Content arranged along diagonal axis rather than horizontal,Dynamic composition
66,Layout,Staggered columns,Columns that start and end at different heights,Rhythmic variation
67,Layout,Magazine spread feel,Layout that mimics editorial print design,Print heritage
68,Layout,Hand-arranged elements,Elements positioned as if placed by hand rather than snapped to grid,Casual placement
69,Layout,Negative space as content,Empty areas that carry meaning and weight,Intentional restraint
70,Layout,Broken symmetry,Mirrored elements with deliberate differences,Human variation
71,Layout,Fluid boundaries,Content areas that flow into each other without hard edges,Natural transition
72,Layout,Layered depth,Elements at multiple perceived depths creating spatial hierarchy,Physical stacking
73,Layout,Rag alignment variation,Text blocks with intentionally irregular right edges,Natural text flow
74,Layout,Content bleeding to edge,Elements that extend beyond the viewport edge,Print bleed reference
75,Layout,Golden ratio spacing,Proportions based on natural mathematical ratios,Organic mathematics
76,Layout,Rule of thirds placement,Key elements placed at intersection points,Photographic composition
77,Layout,Scattered arrangement,Elements distributed as if scattered on a surface,Casual organization
78,Layout,Clustered groupings,Related elements grouped with varying proximity,Natural association
79,Layout,Visual weight balancing,Heavy and light elements balanced by eye not by measurement,Intuitive design
80,Layout,Modular with variation,Grid modules with intentional size differences,Human grid adaptation
81,Micro-interaction,Delayed response,Intentional slight delay before interaction feedback,Human reaction time
82,Micro-interaction,Breathing animation,Elements that subtly pulse like breathing,Living presence
83,Micro-interaction,Hesitant hover,Element that slightly pulls back before responding,Cautious personality
84,Micro-interaction,Playful bounce,Elements that bounce with varying heights,Childlike energy
85,Micro-interaction,Warm acknowledgment,Subtle color shift that feels like a nod,Human recognition
86,Micro-interaction,Gentle nudge,Element that moves slightly to invite interaction,Human invitation
87,Micro-interaction,Organic ripple,Ripple effect that spreads irregularly like water,Natural physics
88,Micro-interaction,Hand-drawn cursor trail,Cursor leaves a faint hand-drawn mark trail,Personal trace
89,Micro-interaction,Variable speed response,Animation speed varies based on interaction intensity,Human sensitivity
90,Micro-interaction,Emotional feedback,Interaction response that conveys mood,Personality expression
91,Micro-interaction,Imperfect snap,Element that almost snaps but settles slightly off,Human imprecision
92,Micro-interaction,Gradual awareness,Element that slowly notices cursor approach,Conscious presence
93,Micro-interaction,Tactile resistance,Interaction that feels like pushing against resistance,Physical effort
94,Micro-interaction,Weighty response,Heavy elements move slower than light ones,Physical mass
95,Micro-interaction,Friction-based motion,Elements that slow down as if on rough surface,Material texture
96,Micro-interaction,Elastic memory,Element that stretches and returns to shape,Rubber material
97,Micro-interaction,Fluid displacement,Elements that push others aside like water,Fluid dynamics
98,Micro-interaction,Magnetic attraction,Elements that pull toward cursor at close range,Physical force
99,Micro-interaction,Gravity response,Elements that fall with realistic acceleration,Natural physics
100,Micro-interaction,Momentum carry,Elements that continue moving after interaction,Physical inertia
101,Illustration,Sketch-style outlines,Drawings with visible pencil or pen stroke marks,Hand-drawn quality
102,Illustration,Watercolor illustrations,Paintings with visible watercolor wash and bleed,Paint medium
103,Illustration,Ink wash drawings,Monochrome illustrations with ink density variation,Traditional technique
104,Illustration,Colored pencil texture,Illustrations showing colored pencil layering and grain,Drawing medium
105,Illustration,Gouache opacity,Illustrations with opaque matte paint quality,Paint characteristic
106,Illustration,Marker pen strokes,Illustrations with visible marker tip marks and overlap,Writing tool
107,Illustration,Pastel softness,Illustrations with soft chalky edges and blending,Art medium
108,Illustration,Charcoal shading,Illustrations with granular charcoal shading and smudging,Drawing technique
109,Illustration,Printmaking style,Illustrations mimicking woodcut or linocut print,Relief printing
110,Illustration,Embroidery pattern,Illustrations that look stitched with visible thread paths,Textile craft
111,Illustration,Collage composition,Illustrations assembled from cut paper fragments,Paper craft
112,Illustration,Blueprint aesthetic,Technical drawings with blueprint blue tone and grid lines,Engineering heritage
113,Illustration,Field notebook sketch,Illustrations that look drawn in a field journal,Observational drawing
114,Illustration,Scientific illustration,Botanical or anatomical drawings with precision marks,Scientific tradition
115,Illustration,Children's book style,Illustrations with warm naive quality of picture books,Storytelling heritage
116,Illustration,Comic book halftone,Illustrations with visible comic dot patterns,Print culture
117,Illustration,Stained glass effect,Illustrations with lead-line borders and translucent color,Architectural craft
118,Illustration,Mosaic tile pattern,Illustrations composed of small colored tiles,Ancient craft
119,Illustration,Shadow puppet silhouette,Illustrations with flat silhouette and dramatic shadow,Theatrical tradition
120,Illustration,Folk art motifs,Illustrations using traditional folk art patterns and symbols,Cultural heritage
121,UI Component,Hand-drawn card borders,Cards with irregular hand-drawn border lines,Sketch quality
122,UI Component,Stamped seal badge,Badge that looks like an ink stamp with slight imperfection,Official document
123,UI Component,Torn paper edge,Elements with torn paper edge effect,Physical tearing
124,UI Component,Post-it note style,Elements that look like sticky notes with slight curl,Office material
125,UI Component,Tape attachment,Elements that appear taped to the surface with visible tape,Physical attachment
126,UI Component,Pin or tack mount,Elements that appear pinned with visible pin head,Notice board
127,UI Component,Folded corner,Element with a dog-eared or folded corner,Physical paper
128,UI Component,Hand-stamped texture,Elements with rubber stamp texture and ink variation,Manual stamping
129,UI Component,Wax seal element,Element with wax seal appearance and drip marks,Historical document
130,UI Component,Cardboard texture,Elements with corrugated cardboard texture,Packaging material
131,UI Component,Envelope flap style,Element designed like an envelope opening,Mail craft
132,UI Component,Book spine reference,Element that mimics a book spine with title,Bookbinding
133,UI Component,File folder tab,Tab element designed like a physical file folder,Office organization
134,UI Component,Index card layout,Content presented on index-card-sized elements,Research tool
135,UI Component,Notebook page background,Element with ruled notebook paper lines,School material
136,UI Component,Newspaper clipping style,Element styled like a cut newspaper article,Press archive
137,UI Component,Polaroid frame,Image element with white Polaroid-style border and caption,Photography craft
138,UI Component,Label maker text,Text that looks like embossed label maker tape,Vintage office
139,UI Component,Ticket stub element,Element designed like a torn ticket stub,Event memorabilia
140,UI Component,Playing card proportion,Element with playing card aspect ratio and corner marks,Game craft
141,Navigation,Hand-drawn menu items,Navigation items with hand-lettered labels,Personal touch
142,Navigation,Bookmark-style nav,Navigation that looks like physical bookmarks,Reading culture
143,Navigation,Compass rose navigation,Navigation arranged like a compass with cardinal directions,Exploration metaphor
144,Navigation,Map pin markers,Navigation items as map pins on a stylized map,Geographic metaphor
145,Navigation,Drawer pull handles,Navigation that looks like physical drawer pulls,Furniture metaphor
146,Navigation,Signpost navigation,Navigation items designed as directional signposts,Road signage
147,Navigation,Index tabs,Navigation as colored index tabs on page edge,Reference book
148,Navigation,Switch plate toggles,Navigation items as physical light switches,Architectural element
149,Navigation,Radio dial selection,Navigation that rotates like a radio dial,Vintage electronics
150,Navigation,Piano key navigation,Navigation items arranged like piano keys,Musical instrument
151,Navigation,Typewriter key nav,Navigation items as typewriter keys with mechanical feel,Writing tool
152,Navigation,Abacus bead selection,Navigation using abacus bead movement metaphor,Calculation tool
153,Navigation,Calendar tear-off,Navigation that tears off like a daily calendar,Time keeping
154,Navigation,Recipe card index,Navigation organized like recipe card dividers,Cooking culture
155,Navigation,Library card catalog,Navigation mimicking library card catalog system,Information organization
156,Navigation,Color swatch selection,Navigation items as physical color swatches,Design tool
157,Navigation,Fabric sample book,Navigation as fabric swatches in a sample book,Textile reference
158,Navigation,Paint chip palette,Navigation items as paint store color chips,Home improvement
159,Navigation,Tool rack organization,Navigation arranged like tools on a workshop rack,Craft workspace
160,Navigation,Spice jar labels,Navigation items designed like spice jar labels,Kitchen organization
161,Scroll Effect,Parallax with depth,Background layers moving at different speeds creating depth,Physical space
162,Scroll Effect,Reveal on scroll,Content that reveals itself as if unrolling a scroll,Physical unrolling
163,Scroll Effect,Sticky storytelling,Elements that stick and release at narrative beats,Storytelling pacing
164,Scroll Effect,Horizontal scroll section,Section that scrolls horizontally like a panorama,Painting scroll
165,Scroll Effect,Scroll-triggered drawing,Elements that draw themselves as user scrolls,Live illustration
166,Scroll Effect,Progressive disclosure,Content that appears gradually with scroll depth,Gradual revelation
167,Scroll Effect,Scroll velocity response,Animation speed responds to how fast user scrolls,Physical responsiveness
168,Scroll Effect,Morphing shapes on scroll,Shapes that transform organically as user scrolls,Biological metamorphosis
169,Scroll Effect,Layered paper effect,Content layers that separate like pages of a book as you scroll,Physical pages
170,Scroll Effect,Scroll-driven color shift,Background color that shifts with scroll position,Time of day metaphor
171,Scroll Effect,Text that assembles on scroll,Letters that fly into position as user scrolls,Typography animation
172,Scroll Effect,Image sequence on scroll,Frame-by-frame animation driven by scroll position,Flip book effect
173,Scroll Effect,Scroll-triggered particles,Particles that scatter or gather based on scroll,Natural phenomenon
174,Scroll Effect,Depth of field change,Focus shifts between foreground and background on scroll,Camera behavior
175,Scroll Effect,Scroll-responsive lighting,Lighting that changes angle and intensity with scroll,Time passing
176,Scroll Effect,Unfolding origami,Elements that unfold like origami as user scrolls,Paper craft
177,Scroll Effect,Scroll-driven growth,Elements that grow like plants as user scrolls,Biological growth
178,Scroll Effect,Parallax text layers,Text at different depths moving at different speeds,Typographic depth
179,Scroll Effect,Scroll-triggered sound,Subtle ambient sound that changes with scroll position,Auditory feedback
180,Scroll Effect,Momentum-based scroll,Scroll that continues with momentum after user stops,Physical inertia
181,Hover State,Hand-drawn underline on hover,Underline that appears as if drawn by hand on hover,Sketch gesture
182,Hover State,Ink spread effect,Element that appears to spread ink when hovered,Physical ink
183,Hover State,Paper lift effect,Element that lifts like paper being picked up,Physical interaction
184,Hover State,Highlighter mark,Hover creates a highlighter pen mark behind text,Study tool
185,Hover State,Magnifying glass effect,Hover area magnifies content like a lens,Optical tool
186,Hover State,Shadow deepening,Shadow that deepens as if element is lifted higher,Physical depth
187,Hover State,Color saturation increase,Colors become more vivid on hover like wet paint,Paint behavior
188,Hover State,Texture reveal,Hidden texture appears on hover like rubbing a surface,Discovery moment
189,Hover State,Handwritten note reveal,Hover reveals a handwritten annotation,Personal message
190,Hover State,Stamp impression,Hover creates a stamp-like impression on the element,Official mark
191,Hover State,Fold reveal,Element appears to unfold on hover revealing content,Paper craft
192,Hover State,Light sweep,Light sweeps across element on hover like a flashlight,Exploration tool
193,Hover State,Brush stroke reveal,Content revealed by animated brush stroke on hover,Painting gesture
194,Hover State,Eraser effect,Hover erases a covering layer to reveal content underneath,Erasing action
195,Hover State,Watercolor bloom,Color blooms outward on hover like watercolor on wet paper,Paint behavior
196,Hover State,Pencil sharpening,Element appears to sharpen on hover like a pencil,Tool preparation
197,Hover State,Page curl reveal,Corner curls up on hover revealing content underneath,Book interaction
198,Hover State,Thermal paper reveal,Content appears like thermal paper printing,Receipt printer
199,Hover State,Scratch-off reveal,Scratch-off lottery ticket effect on hover,Game interaction
200,Hover State,Fingerprint smudge,Hover leaves a subtle fingerprint smudge,Physical touch
201,Loading State,Hand-drawn spinner,Loading spinner that looks hand-drawn with wobble,Sketch animation
202,Loading State,Progressive sketch,Loading indicator that sketches itself progressively,Drawing in progress
203,Loading State,Watercolor fill,Loading bar that fills with watercolor wash effect,Paint filling
204,Loading State,Ink drop loading,Drops of ink that accumulate to show progress,Ink accumulation
205,Loading State,Pencil writing progress,Loading shown as pencil writing text progressively,Writing process
206,Loading State,Page turning,Loading animation of pages turning,Book reading
207,Loading State,Paint drying,Loading indicator that shows paint gradually drying,Physical process
208,Loading State,Coffee cup filling,Loading shown as a coffee cup being filled,Coffee ritual
209,Loading State,Plant growing,Loading animation of a plant growing from seed,Biological growth
210,Loading State,Sunrise progression,Loading shown as sun rising across horizon,Natural cycle
211,Loading State,Hand writing message,Loading shown as a hand writing a message,Personal communication
212,Loading State,Envelope sealing,Loading animation of an envelope being sealed,Mail preparation
213,Loading State,Stamp collecting,Loading shown as stamps being collected,Collecting hobby
214,Loading State,Book binding,Loading animation of a book being bound,Bookmaking craft
215,Loading State,Pottery wheel,Loading shown as clay being shaped on a wheel,Pottery craft
216,Loading State,Weaving progress,Loading animation of threads being woven,Textile craft
217,Loading State,Wood carving,Loading shown as wood being carved with chisel,Woodworking
218,Loading State,Ink stamping,Loading animation of a stamp being pressed,Manual stamping
219,Loading State,Paper folding,Loading shown as paper being folded into shape,Origami craft
220,Loading State,Seed germination,Loading animation of a seed sprouting,Natural process
221,Form Design,Handwritten input labels,Form labels that look handwritten,Personal touch
222,Form Design,Sketch-style input borders,Input fields with hand-drawn border lines,Sketch quality
223,Form Design,Notebook paper inputs,Input fields on ruled notebook paper background,School material
224,Form Design,Fill-in-the-blank style,Form designed like a fill-in-the-blank worksheet,Educational format
225,Form Design,Postcard form,Form styled like a postcard with address fields,Mail format
226,Form Design,Application form aesthetic,Form that looks like a paper application,Official document
227,Form Design,Checklist style inputs,Form items presented as a physical checklist,Task organization
228,Form Design,Recipe card form,Form styled like a recipe card with ingredient fields,Cooking culture
229,Form Design,Diary entry style,Form that looks like a diary page with date,Personal journal
230,Form Design,Letter writing format,Form designed like a letter with greeting and sign-off,Correspondence
231,Form Design,Sketch annotation inputs,Form fields that look like margin annotations,Study notes
232,Form Design,Sticky note inputs,Each input field on a separate sticky note,Office material
233,Form Design,Form with hand-drawn arrows,Form fields connected by hand-drawn arrows,Diagram style
234,Form Design,Red pen correction style,Form that shows red pen marks and corrections,Teacher feedback
235,Form Design,Typed form aesthetic,Form that looks like a typed document with form fields,Vintage office
236,Form Design,Clipboard form,Form presented on a clipboard with clip at top,Field work
237,Form Design,Passport form style,Form designed like a passport application page,Government document
238,Form Design,Prescription pad style,Form styled like a doctor's prescription pad,Medical culture
239,Form Design,Blueprint form layout,Form on blueprint background with technical grid,Engineering document
240,Form Design,Hand-stamped validation,Form validation shown as hand-stamped marks,Official approval
241,Button,Hand-drawn button shape,Button with irregular hand-drawn outline,Sketch quality
242,Button,Ink stamp button,Button that looks like an ink stamp impression,Manual stamping
243,Button,Wooden block button,Button with wood grain texture and carved text,Woodworking
244,Button,Fabric patch button,Button that looks like a sewn fabric patch,Textile craft
245,Button,Enamel pin button,Button designed like an enamel lapel pin,Accessory craft
246,Button,Typewriter key button,Button styled like a typewriter key,Writing tool
247,Button,Stamp button,Button that looks like a rubber stamp,Office tool
248,Button,Chalkboard button,Button with chalk texture and chalk-written text,Classroom material
249,Button,Neon sign button,Button that looks like a hand-bent neon sign,Sign craft
250,Button,Letterpress button,Button with letterpress impression and ink texture,Print craft
251,Button,Wax seal button,Button designed like a wax seal,Historical document
252,Button,Playing card button,Button with playing card design,Game craft
253,Button,Coin button,Button that looks like a minted coin with relief text,Minting craft
254,Button,Tile button,Button designed like a ceramic tile with glaze,Ceramic craft
255,Button,Leather patch button,Button that looks like a tooled leather patch,Leather craft
256,Button,Metal plate button,Button with brushed metal texture and engraved text,Metalworking
257,Button,Glass tile button,Button that looks like frosted glass with etched text,Glass craft
258,Button,Stone carving button,Button designed like carved stone with chisel marks,Stone carving
259,Button,Pressed flower button,Button with pressed flower embedded in resin,Natural preservation
260,Button,Hand-painted button,Button with visible hand-painted texture and brush strokes,Painting craft
261,Card Design,Torn card edge,Card with torn paper edge effect,Physical tearing
262,Card Design,Hand-stamped card,Card with rubber stamp texture and ink variation,Manual stamping
263,Card Design,Postcard layout,Card designed like a postcard with image and message area,Mail culture
264,Card Design,Business card feel,Card with business card proportions and texture,Professional craft
265,Card Design,Photo album card,Card designed like a photo album page with corners,Nostalgic memory
266,Card Design,Trading card style,Card with trading card border and stats area,Collecting culture
267,Card Design,Library card design,Card styled like a library checkout card,Reading culture
268,Card Design,Recipe card layout,Card designed like a recipe card with ingredients and steps,Cooking culture
269,Card Design,Field note card,Card styled like a field researcher's note card,Scientific observation
270,Card Design,Playing card layout,Card with playing card corner indices and center content,Game design
271,Card Design,Tarot card style,Card with tarot card proportions and border ornament,Mystical tradition
272,Card Design,Museum label card,Card designed like a museum exhibit label,Cultural institution
273,Card Design,Herbarium sheet card,Card styled like a pressed plant specimen sheet,Botanical collection
274,Card Design,Passport stamp card,Card with passport stamp aesthetic,Travel culture
275,Card Design,Board game card,Card designed like a board game component,Game culture
276,Card Design,Vintage ticket card,Card styled like a vintage train or event ticket,Travel nostalgia
277,Card Design,Book plate card,Card designed like an ex libris book plate,Book collecting
278,Card Design,Seed packet card,Card styled like a vintage seed packet,Gardening culture
279,Card Design,Matchbook card,Card designed like a matchbook cover with flap,Nostalgic object
280,Card Design,Coaster card,Card with drink coaster texture and proportion,Social culture
281,Header,Hand-lettered logo,Header logo that appears hand-lettered,Personal branding
282,Header,Newspaper masthead,Header styled like a newspaper masthead,Print journalism
283,Header,Book title page,Header designed like a book title page,Literary tradition
284,Header,Sign painter header,Header with hand-painted sign lettering,Sign craft
285,Header,Letterhead style,Header designed like personal letterhead,Correspondence culture
286,Header,Shop sign header,Header that looks like a physical shop sign,Local commerce
287,Header,Magazine cover header,Header styled like a magazine cover masthead,Editorial design
288,Header,Theater marquee,Header designed like a theater marquee with lights,Entertainment culture
289,Header,Hotel key card header,Header styled like a vintage hotel key tag,Travel nostalgia
290,Header,Factory plate header,Header designed like a brass factory name plate,Industrial heritage
291,Header,Gravestone engraving,Header with carved stone engraving aesthetic,Memorial craft
292,Header,Ship bow header,Header styled like a ship's name on the bow,Maritime tradition
293,Header,Distillery label header,Header designed like a whiskey distillery label,Craft spirits
294,Header,Apothecary header,Header styled like an old apothecary sign,Medical heritage
295,Header,Blacksmith header,Header with forged metal aesthetic,Metalworking tradition
296,Header,Bakery chalkboard,Header designed like a bakery chalkboard menu,Food culture
297,Header,Library header,Header styled like a library entrance sign,Knowledge institution
298,Header,Post office header,Header designed like a post office sign,Civic institution
299,Header,Tavern sign header,Header styled like a traditional tavern sign,Public house culture
300,Header,Cinema header,Header designed like a vintage cinema marquee,Film culture
301,Footer,Colophon footer,Footer designed like a book colophon with production details,Print tradition
302,Footer,Printer's mark,Footer with printer's mark or colophon symbol,Print heritage
303,Footer,Handwritten signature,Footer with a handwritten signature element,Personal touch
304,Footer,Stamp collection footer,Footer designed like a stamp collection display,Collecting culture
305,Footer,Map legend footer,Footer styled like a map legend with symbols,Navigation culture
306,Footer,Recipe credits footer,Footer designed like recipe source credits,Cooking culture
307,Footer,Museum credits footer,Footer styled like museum exhibition credits,Cultural institution
308,Footer,Film credits style,Footer designed like movie end credits scrolling,Cinema culture
309,Footer,Book imprint footer,Footer styled like a book's imprint page,Publishing tradition
310,Footer,Newspaper footer,Footer designed like a newspaper's bottom section,Journalism
311,Footer,Postcard message footer,Footer styled like the message area of a postcard,Mail culture
312,Footer,Album liner notes,Footer designed like vinyl album liner notes,Music culture
313,Footer,Exhibition catalog footer,Footer styled like an exhibition catalog page,Art culture
314,Footer,Zine colophon,Footer designed like a zine's production notes,DIY publishing
315,Footer,Letter closing footer,Footer styled like a letter's closing and signature,Correspondence
316,Footer,Newspaper correction box,Footer designed like a corrections box,Journalism transparency
317,Footer,Artisan mark footer,Footer with artisan's personal mark or seal,Craft tradition
318,Footer,Workshop stamp footer,Footer styled like a workshop's stamp mark,Manufacturing heritage
319,Footer,Archive reference footer,Footer designed like an archive reference number,Documentation culture
320,Footer,Seal of authenticity,Footer with a seal or stamp of authenticity,Quality assurance
321,Background,Watercolor wash background,Background with watercolor wash effect,Paint medium
322,Background,Handmade paper background,Background with visible handmade paper texture,Paper craft
323,Background,Plaster wall background,Background with plaster wall texture and imperfections,Architectural material
324,Background,Chalkboard background,Background with chalkboard texture and chalk dust,Classroom material
325,Background,Burlap background,Background with burlap fabric weave texture,Natural fiber
326,Background,Marble veining background,Background with natural marble veining patterns,Stone craft
327,Background,Denim texture background,Background with denim fabric texture,Textile culture
328,Background,Cork board background,Background with cork board texture,Office material
329,Background,Brick wall background,Background with brick wall texture and mortar lines,Architectural material
330,Background,Linen background,Background with linen fabric weave pattern,Textile craft
331,Background,Topographic map background,Background with topographic contour lines,Map making
332,Background,Star chart background,Background with constellation and star chart patterns,Astronomy
333,Background,Sheet music background,Background with musical staff lines and notes,Music culture
334,Background,Graph paper background,Background with graph paper grid pattern,Technical drawing
335,Background,Newsprint background,Background with newsprint texture and text fragments,Print media
336,Background,Blueprint background,Background with blueprint blue tone and white lines,Engineering
337,Background,Vellum background,Background with translucent vellum paper texture,Historical document
338,Background,Wallpaper pattern background,Background with vintage wallpaper pattern,Interior design
339,Background,Mosaic tile background,Background with mosaic tile pattern,Ancient craft
340,Background,Stained glass background,Background with stained glass color and lead lines,Architectural craft
341,Pattern,Hand-drawn dots,Pattern of irregular hand-drawn dots,Sketch quality
342,Pattern,Brush stroke pattern,Pattern of overlapping brush strokes,Painting gesture
343,Pattern,Pencil hatch pattern,Pattern of pencil hatching lines,Drawing technique
344,Pattern,Stamp repeat pattern,Pattern of repeated stamp impressions,Manual stamping
345,Pattern,Thread stitch pattern,Pattern of visible thread stitches,Textile craft
346,Pattern,Woodblock print pattern,Pattern from carved woodblock printing,Print craft
347,Pattern,Batik pattern,Pattern with batik wax-resist dyeing effect,Textile tradition
348,Pattern,Ikat pattern,Pattern with ikat woven textile effect,Weaving tradition
349,Pattern,Block print pattern,Pattern from hand-carved block printing,Print tradition
350,Pattern,Sgraffito pattern,Pattern created by scratching through surface layers,Decorative technique
351,Pattern,Marbling pattern,Pattern from paper marbling with floating ink,Book craft
352,Pattern,Suminagashi pattern,Pattern from Japanese ink marbling tradition,Japanese craft
353,Pattern,Shibori pattern,Pattern from Japanese tie-dye technique,Textile tradition
354,Pattern,Kalamkari pattern,Pattern from Indian hand-painted textile tradition,South Asian craft
355,Pattern,Amazigh pattern,Pattern from North African Amazigh geometric tradition,Berber heritage
356,Pattern,Celtic knot pattern,Pattern from Celtic interlacing knot work,European heritage
357,Pattern,Art deco pattern,Pattern from Art Deco geometric motifs,Design movement
358,Pattern,Mid-century pattern,Pattern from mid-century modern design,Design movement
359,Pattern,Folk embroidery pattern,Pattern from traditional folk embroidery stitches,Textile heritage
360,Pattern,Lino cut repeat pattern,Pattern from linocut block printing,Print craft
361,Icon,Sketch-style icons,Icons drawn with visible pencil or pen strokes,Drawing quality
362,Icon,Hand-drawn outline icons,Icons with irregular hand-drawn outlines,Sketch quality
363,Icon,Watercolor icons,Icons painted with watercolor wash and bleed,Paint medium
364,Icon,Ink wash icons,Icons created with ink wash technique,Traditional technique
365,Icon,Woodcut icons,Icons styled like woodcut prints,Relief printing
366,Icon,Embroidered icons,Icons that look embroidered with visible stitches,Textile craft
367,Icon,Clay icon style,Icons that appear molded from clay,Pottery craft
368,Icon,Chalk icons,Icons drawn with chalk on dark background,Classroom material
369,Icon,Neon tube icons,Icons made from bent neon tubes,Sign craft
370,Icon,Stamp icons,Icons that look like rubber stamp impressions,Office tool
371,Icon,Origami icons,Icons folded from paper shapes,Paper craft
372,Icon,Wire sculpture icons,Icons that look like bent wire sculptures,Metal craft
373,Icon,Mosaic icons,Icons composed of small colored tiles,Ancient craft
374,Icon,Stained glass icons,Icons with stained glass color and lead lines,Architectural craft
375,Icon,Leather tooled icons,Icons that look tooled into leather,Leather craft
376,Icon,Carved wood icons,Icons that appear carved from wood,Woodworking
377,Icon,Engraved metal icons,Icons that look engraved into metal plate,Metalworking
378,Icon,Charcoal icons,Icons drawn with charcoal texture and smudging,Drawing medium
379,Icon,Pastel icons,Icons drawn with soft pastel chalk texture,Art medium
380,Icon,Marker pen icons,Icons drawn with marker pen strokes and overlap,Writing tool
381,Animation,Organic easing curve,Animation using natural acceleration and deceleration curves,Physical motion
382,Animation,Breathing rhythm animation,Animation with natural breathing-like rhythm,Living presence
383,Animation,Hand-drawn frame animation,Animation with visible hand-drawn frame variation,Cel animation
384,Animation,Stop motion feel,Animation with slight frame-to-frame variation,Stop motion craft
385,Animation,Watercolor morph,Shapes that morph with watercolor bleeding effect,Paint behavior
386,Animation,Ink drop animation,Animation of ink drops spreading and merging,Ink physics
387,Animation,Paper fold animation,Animation of paper folding and unfolding,Origami craft
388,Animation,Thread pulling animation,Animation of thread being pulled through fabric,Textile craft
389,Animation,Pencil drawing animation,Animation of pencil drawing lines progressively,Drawing process
390,Animation,Paint drip animation,Animation of paint dripping and pooling,Paint physics
391,Animation,Smoke wisps animation,Animation of smoke rising in organic patterns,Atmospheric phenomenon
392,Animation,Fire flicker animation,Animation of fire flickering with natural variation,Fire behavior
393,Animation,Water ripple animation,Animation of water ripples spreading outward,Water physics
394,Animation,Leaf falling animation,Animation of leaves falling with natural tumbling,Natural phenomenon
395,Animation,Snow drift animation,Animation of snow drifting with wind patterns,Weather phenomenon
396,Animation,Dust particle animation,Animation of dust motes floating in light,Atmospheric detail
397,Animation,Candle flicker animation,Animation of candlelight flickering,Fire behavior
398,Animation,Clock mechanism animation,Animation of clock gears turning,Mechanical craft
399,Animation,Typewriter animation,Animation of typewriter keys striking paper,Writing tool
400,Animation,Page turn animation,Animation of a page being turned,Book interaction
401,Animation,Camera aperture animation,Animation of camera aperture opening and closing,Photography tool
402,Animation,Film reel animation,Animation of film reel spinning,Cinema craft
403,Animation,Record spin animation,Animation of vinyl record spinning,Music culture
404,Animation,Pottery wheel animation,Animation of clay being shaped on wheel,Pottery craft
405,Animation,Weaving animation,Animation of threads being woven,Textile craft
406,Animation,Forge animation,Animation of metal being forged in fire,Blacksmith craft
407,Animation,Glass blowing animation,Animation of glass being blown and shaped,Glass craft
408,Animation,Seed sprouting animation,Animation of seed germinating and growing,Biological process
409,Animation,Cloud formation animation,Animation of clouds forming and dissipating,Weather phenomenon
410,Animation,Tide animation,Animation of ocean tide rising and falling,Natural cycle
411,Animation,Star trail animation,Animation of star trails from long exposure,Astronomy
412,Animation,Aurora animation,Animation of aurora borealis light patterns,Natural phenomenon
413,Animation,Rain drop animation,Animation of rain drops hitting surface,Weather phenomenon
414,Animation,Sunbeam animation,Animation of sunbeams through atmosphere,Light behavior
415,Animation,Shadow lengthening animation,Animation of shadows lengthening with time passage,Time metaphor
416,Animation,Moon phase animation,Animation of moon phases cycling,Astronomical cycle
417,Animation,Seasonal color shift animation,Animation of colors shifting through seasons,Natural cycle
418,Animation,Heartbeat animation,Animation with natural heartbeat rhythm,Human biology
419,Animation,Pulse wave animation,Animation of pulse wave traveling through lines,Energy flow
420,Animation,Organic growth animation,Animation of elements growing like living organisms,Biological process
421,Cursor,Hand-drawn cursor,Custom cursor that looks hand-drawn,Sketch quality
422,Cursor,Paintbrush cursor,Cursor shaped like a paintbrush tip,Painting tool
423,Cursor,Pencil cursor,Cursor shaped like a pencil tip,Drawing tool
424,Cursor,Quill cursor,Cursor shaped like a feather quill,Writing tradition
425,Cursor,Needle cursor,Cursor shaped like a sewing needle,Textile craft
426,Cursor,Chisel cursor,Cursor shaped like a wood chisel,Woodworking tool
427,Cursor,Stamp cursor,Cursor shaped like a rubber stamp,Office tool
428,Cursor,Magnifying glass cursor,Cursor shaped like a magnifying glass,Investigation tool
429,Cursor,Compass cursor,Cursor shaped like a drawing compass,Drafting tool
430,Cursor,Calligraphy pen cursor,Cursor shaped like a calligraphy pen,Writing craft
431,Cursor,Paint roller cursor,Cursor shaped like a paint roller,Painting tool
432,Cursor,Spray can cursor,Cursor shaped like a spray paint can,Street art tool
433,Cursor,Scissors cursor,Cursor shaped like scissors,Cutting tool
434,Cursor,Tape measure cursor,Cursor shaped like a tape measure,Construction tool
435,Cursor,Level cursor,Cursor shaped like a spirit level,Building tool
436,Cursor,Hammer cursor,Cursor shaped like a hammer,Craft tool
437,Cursor,Screwdriver cursor,Cursor shaped like a screwdriver,Assembly tool
438,Cursor,Wrench cursor,Cursor shaped like a wrench,Mechanical tool
439,Cursor,Palette knife cursor,Cursor shaped like an artist's palette knife,Painting tool
440,Cursor,Trowel cursor,Cursor shaped like a masonry trowel,Building craft
441,Transition,Page turn transition,Page transition that mimics turning a physical page,Book interaction
442,Transition,Fade through white,Transition that fades through white like a camera flash,Photography
443,Transition,Ink bleed transition,Transition where content bleeds in like ink on paper,Print process
444,Transition,Paper tear transition,Transition that tears like paper to reveal next content,Physical tearing
445,Transition,Watercolor wash transition,Transition that washes over like watercolor spreading,Paint behavior
446,Transition,Slide projector transition,Transition like a slide projector changing slides,Vintage photography
447,Transition,Film strip transition,Transition like film frames advancing,Cinema craft
448,Transition,Flip book transition,Transition like flipping through a flip book,Animation craft
449,Transition,Shutter transition,Transition like a camera shutter opening and closing,Photography
450,Transition,Iris transition,Transition like a camera iris opening,Optical mechanism
451,Transition,Dissolve transition,Transition like one image dissolving into another,Darkroom technique
452,Transition,Wipe transition,Transition that wipes across like cleaning a surface,Physical action
453,Transition,Blinds transition,Transition like window blinds opening or closing,Architectural element
454,Transition,Curtain transition,Transition like theater curtains opening,Theater culture
455,Transition,Door opening transition,Transition like a door opening to reveal content,Architectural metaphor
456,Transition,Window reveal transition,Transition like looking through a window,Architectural metaphor
457,Transition,Mirror reflection transition,Transition like stepping through a mirror,Reflective surface
458,Transition,Lens focus transition,Transition like a camera lens coming into focus,Photography
459,Transition,Prism refraction transition,Transition like light through a prism,Optical phenomenon
460,Transition,Kaleidoscope transition,Transition like a kaleidoscope pattern shifting,Optical toy
461,Empty State,Hand-drawn illustration,Empty state with hand-drawn illustration,Sketch quality
462,Empty State,Inviting handwritten message,Empty state with handwritten invitation to add content,Personal touch
463,Empty State,Sketch placeholder,Empty state that looks like a sketch waiting to be filled,Draft quality
464,Empty State,Blank canvas metaphor,Empty state designed like a blank canvas,Art metaphor
465,Empty State,Empty notebook page,Empty state styled like a blank notebook page,Journal metaphor
466,Empty State,Unwritten letter,Empty state designed like an unwritten letter,Correspondence metaphor
467,Empty State,Empty picture frame,Empty state with an empty picture frame,Photography metaphor
468,Empty State,Blank postcard,Empty state styled like a blank postcard,Mail metaphor
469,Empty State,Empty bookshelf,Empty state with an empty bookshelf,Library metaphor
470,Empty State,Unplanted garden,Empty state designed like an unplanted garden,Growth metaphor
471,Empty State,Blank recipe card,Empty state styled like a blank recipe card,Cooking metaphor
472,Empty State,Empty easel,Empty state with an empty artist's easel,Art studio metaphor
473,Empty State,Blank sheet music,Empty state styled like blank sheet music,Music metaphor
474,Empty State,Empty workshop bench,Empty state designed like an empty workbench,Craft metaphor
475,Empty State,Unwritten chalkboard,Empty state styled like a clean chalkboard,Classroom metaphor
476,Empty State,Empty gallery wall,Empty state with empty gallery wall frames,Art gallery metaphor
477,Empty State,Blank map,Empty state styled like a blank map waiting to be filled,Exploration metaphor
478,Empty State,Empty seed packet,Empty state designed like an empty seed packet,Growth metaphor
479,Empty State,Unstrung instrument,Empty state styled like an unstrung instrument,Music metaphor
480,Empty State,Blank blueprint,Empty state designed like a blank blueprint,Engineering metaphor
481,Error State,Hand-drawn error illustration,Error state with hand-drawn illustration of the problem,Sketch quality
482,Error State,Friendly handwritten error message,Error message written in a friendly handwritten style,Personal communication
483,Error State,Red pen correction,Error state styled like a teacher's red pen correction,Educational metaphor
484,Error State,Crossed-out text,Error shown as text crossed out with hand-drawn X,Manual correction
485,Error State,Stamp rejection,Error shown as a stamped REJECTED mark,Official document
486,Error State,Torn page error,Error state designed like a torn page from a notebook,Physical destruction
487,Error State,Spilled ink error,Error shown as spilled ink obscuring content,Accident metaphor
488,Error State,Wrong turn sign,Error state designed like a wrong turn road sign,Navigation metaphor
489,Error State,Dead end sign,Error shown as a dead end street sign,Navigation metaphor
490,Error State,Mismatched puzzle piece,Error shown as a puzzle piece that doesn't fit,Problem-solving metaphor
491,Error State,Broken thread,Error shown as a broken thread in weaving,Textile metaphor
492,Error State,Misspelled word,Error shown as a misspelled word with correction,Writing metaphor
493,Error State,Smudged text,Error shown as smudged text that can't be read,Physical damage
494,Error State,Wrong page,Error state designed like being on the wrong page of a book,Navigation metaphor
495,Error State,Empty mailbox,Error shown as an empty mailbox,Communication metaphor
496,Error State,Disconnected wire,Error shown as a disconnected electrical wire,Connection metaphor
497,Error State,Missing puzzle piece,Error shown as a puzzle with a missing piece,Completeness metaphor
498,Error State,Wrong key,Error shown as a key that doesn't fit a lock,Access metaphor
499,Error State,Faded photograph,Error shown as a faded or damaged photograph,Memory metaphor
500,Error State,Unreadable handwriting,Error shown as illegible handwriting,Communication metaphor
501,Success State,Hand-drawn celebration,Success state with hand-drawn celebration illustration,Sketch quality
502,Success State,Stamp of approval,Success shown as a stamped APPROVED mark,Official approval
503,Success State,Gold star reward,Success shown as a hand-drawn gold star,Educational reward
504,Success State,Checkmark with flourish,Success checkmark drawn with a decorative flourish,Personal touch
505,Success State,Confetti burst,Success with hand-drawn confetti burst,Celebration
506,Success State,Seal of completion,Success shown as a wax seal of completion,Official document
507,Success State,Ribbon award,Success shown as a prize ribbon,Achievement award
508,Success State,Stamped passport,Success shown as a passport stamp,Travel achievement
509,Success State,Graduation cap,Success shown as a graduation cap,Educational achievement
510,Success State,Trophy illustration,Success shown as a hand-drawn trophy,Achievement symbol
511,Success State,Bloom animation,Success shown as a flower blooming,Growth metaphor
512,Success State,Sunrise reveal,Success shown as a sunrise,Natural celebration
513,Success State,Firework burst,Success shown as hand-drawn fireworks,Celebration
514,Success State,High five gesture,Success shown as a high five illustration,Human connection
515,Success State,Thumbs up sketch,Success shown as a hand-drawn thumbs up,Personal approval
516,Success State,Heart illustration,Success shown as a hand-drawn heart,Emotional warmth
517,Success State,Star constellation,Success shown as stars forming a constellation,Achievement mapping
518,Success State,Completed puzzle,Success shown as a completed puzzle,Problem solved
519,Success State,Filled cup,Success shown as a cup being filled to the top,Completion metaphor
520,Success State,Planted tree,Success shown as a planted tree growing,Growth achievement
521,Tooltip,Handwritten tooltip,Tooltip with handwritten-style text,Personal note
522,Tooltip,Speech bubble tooltip,Tooltip designed like a hand-drawn speech bubble,Conversation
523,Tooltip,Sticky note tooltip,Tooltip styled like a sticky note,Office material
524,Tooltip,Margin annotation tooltip,Tooltip designed like a margin annotation,Study note
525,Tooltip,Whisper tooltip,Tooltip that appears like a whispered secret,Intimate communication
526,Tooltip,Post-it reminder tooltip,Tooltip styled like a post-it reminder,Personal reminder
527,Tooltip,Chalk note tooltip,Tooltip designed like a chalk note on a board,Classroom communication
528,Tooltip,Label tag tooltip,Tooltip styled like a physical label tag,Identification
529,Tooltip,Bookmark tooltip,Tooltip designed like a bookmark with text,Reading aid
530,Tooltip,Envelope tooltip,Tooltip styled like a small envelope,Message metaphor
531,Tooltip,Message in a bottle,Tooltip designed like a rolled message,Communication metaphor
532,Tooltip,Telegram tooltip,Tooltip styled like a vintage telegram,Historical communication
533,Tooltip,Pigeon message tooltip,Tooltip designed like a message tied to a pigeon,Historical communication
534,Tooltip,Smoke signal tooltip,Tooltip styled like a smoke signal,Primitive communication
535,Tooltip,Carrier pigeon tooltip,Tooltip designed like a pigeon with message,Historical communication
536,Tooltip,Whisper gallery tooltip,Tooltip that appears like a whisper in a gallery,Acoustic metaphor
537,Tooltip,Note passed in class,Tooltip styled like a folded note passed in class,School culture
538,Tooltip,Diary entry tooltip,Tooltip designed like a diary entry,Personal reflection
539,Tooltip,Postcard tooltip,Tooltip styled like a miniature postcard,Mail culture
540,Tooltip,Letter tooltip,Tooltip designed like a small letter,Correspondence
541,Modal,Hand-drawn modal border,Modal with irregular hand-drawn border,Sketch quality
542,Modal,Paper overlay modal,Modal that looks like a sheet of paper placed on top,Physical layering
543,Modal,Card overlay modal,Modal styled like a card placed over content,Physical card
544,Modal,Envelope modal,Modal designed like an opened envelope,Mail metaphor
545,Modal,Book page modal,Modal styled like a book page,Reading metaphor
546,Modal,Clipboard modal,Modal designed like a clipboard,Field work metaphor
547,Modal,Photo modal,Modal styled like a photograph being held up,Photography metaphor
548,Modal,Notebook modal,Modal designed like an open notebook,Journal metaphor
549,Modal,Letter modal,Modal styled like an opened letter,Correspondence
550,Modal,Document modal,Modal designed like a physical document,Office metaphor
551,Modal,Blueprint modal,Modal styled like a blueprint,Engineering metaphor
552,Modal,Map modal,Modal designed like a folded map,Navigation metaphor
553,Modal,Recipe modal,Modal styled like a recipe card,Cooking metaphor
554,Modal,Ticket modal,Modal designed like a ticket,Event metaphor
555,Modal,Certificate modal,Modal styled like a certificate,Achievement metaphor
556,Modal,Invitation modal,Modal designed like a formal invitation,Event culture
557,Modal,Menu modal,Modal styled like a restaurant menu,Food culture
558,Modal,Passport modal,Modal designed like a passport page,Travel metaphor
559,Modal,Label modal,Modal styled like a product label,Identification
560,Modal,Tag modal,Modal designed like a physical tag,Identification
561,Menu,Hand-drawn menu list,Menu items with hand-drawn separators and bullets,Sketch quality
562,Menu,Recipe index menu,Menu styled like a recipe index,Cooking culture
563,Menu,Table of contents menu,Menu designed like a book's table of contents,Literary tradition
564,Menu,Card catalog menu,Menu styled like a library card catalog,Information organization
565,Menu,Spice rack menu,Menu designed like a spice rack organization,Kitchen culture
566,Menu,Tool drawer menu,Menu styled like organized tool drawers,Workshop culture
567,Menu,Paint swatch menu,Menu designed like paint color swatches,Design culture
568,Menu,Fabric sample menu,Menu styled like fabric sample book,Textile culture
569,Menu,Book spine menu,Menu designed like book spines on a shelf,Library culture
570,Menu,Record collection menu,Menu styled like vinyl record collection,Music culture
571,Menu,Stamp collection menu,Menu designed like a stamp album,Collecting culture
572,Menu,Herbarium menu,Menu styled like a herbarium collection,Botanical culture
573,Menu,Specimen drawer menu,Menu designed like museum specimen drawers,Natural history
574,Menu,Apothecary cabinet menu,Menu styled like an apothecary's cabinet,Medical heritage
575,Menu,Type specimen menu,Menu designed like a type specimen sheet,Typography culture
576,Menu,Color wheel menu,Menu styled like a color wheel,Design tool
577,Menu,Pantone swatch menu,Menu designed like Pantone color swatches,Design industry
578,Menu,Thread spool menu,Menu styled like thread spools on a rack,Sewing culture
579,Menu,Tea tin menu,Menu designed like tea tin labels,Tea culture
580,Menu,Wine label menu,Menu styled like wine bottle labels,Wine culture
581,Pagination,Page number stamps,Pagination shown as stamped page numbers,Manual stamping
582,Pagination,Book page edges,Pagination designed like book page edges,Book craft
583,Pagination,Film strip pagination,Pagination styled like film strip frames,Cinema craft
584,Pagination,Calendar pagination,Pagination designed like calendar pages,Time keeping
585,Pagination,Flip book pagination,Pagination styled like flip book pages,Animation craft
586,Pagination,Index card pagination,Pagination designed like index card tabs,Organization
587,Pagination,Bookmark pagination,Pagination styled like bookmarks,Reading culture
588,Pagination,Chapter marker pagination,Pagination designed like chapter markers,Book structure
589,Pagination,Newspaper page pagination,Pagination styled like newspaper page numbers,Journalism
590,Pagination,Magazine page pagination,Pagination designed like magazine page numbers,Editorial design
591,Pagination,Scroll pagination,Pagination styled like a scroll being unrolled,Ancient document
592,Pagination,Deck of cards pagination,Pagination designed like a deck of cards,Game culture
593,Pagination,Train ticket pagination,Pagination styled like train ticket numbers,Travel culture
594,Pagination,Board game space pagination,Pagination designed like board game spaces,Game culture
595,Pagination,Stepping stone pagination,Pagination styled like stepping stones across water,Natural metaphor
596,Pagination,Breadcrumb trail pagination,Pagination designed like a trail of breadcrumbs,Navigation metaphor
597,Pagination,Compass point pagination,Pagination styled like compass directions,Navigation
598,Pagination,Milestone pagination,Pagination designed like road milestones,Travel metaphor
599,Pagination,Ladder rung pagination,Pagination styled like ladder rungs,Climbing metaphor
600,Pagination,Stair step pagination,Pagination designed like stair steps,Architectural metaphor
601,Search,Hand-drawn search icon,Search icon that looks hand-drawn,Sketch quality
602,Search,Magnifying glass search,Search designed like a physical magnifying glass,Investigation tool
603,Search,Library catalog search,Search styled like a library card catalog search,Information retrieval
604,Search,Index search,Search designed like a book index,Reference tool
605,Search,Card file search,Search styled like a card file system,Organization tool
606,Search,Dictionary search,Search designed like a dictionary lookup,Reference culture
607,Search,Encyclopedia search,Search styled like an encyclopedia index,Knowledge retrieval
608,Search,Archive search,Search designed like an archive finding aid,Historical research
609,Search,Map search,Search styled like finding a location on a map,Navigation
610,Search,Telescope search,Search designed like looking through a telescope,Exploration
611,Search,Microscope search,Search styled like examining under a microscope,Scientific investigation
612,Search,Metal detector search,Search designed like a metal detector sweep,Discovery tool
613,Search,Panning for gold search,Search styled like panning for gold,Discovery process
614,Search,Fishing net search,Search designed like casting a fishing net,Harvesting metaphor
615,Search,Sieve search,Search styled like sifting through a sieve,Sorting process
616,Search,Compass search,Search designed like using a compass,Navigation tool
617,Search,Flashlight search,Search styled like searching with a flashlight,Exploration
618,Search,Keyhole search,Search designed like looking through a keyhole,Discovery
619,Search,Peephole search,Search styled like looking through a peephole,Observation
620,Search,Periscope search,Search designed like using a periscope,Naval exploration
621,Filter,Toggle switch filter,Filter designed like physical toggle switches,Electrical control
622,Filter,Slider knob filter,Filter styled like physical slider knobs,Audio equipment
623,Filter,Dial filter,Filter designed like rotary dials,Machine control
624,Filter,Checkbox filter,Filter styled like physical checkboxes,Form design
625,Filter,Tag filter,Filter designed like physical tags,Organization
626,Filter,Color swatch filter,Filter styled like color swatches,Design tool
627,Filter,Fabric swatch filter,Filter designed like fabric samples,Textile culture
628,Filter,Spice jar filter,Filter styled like spice jar labels,Kitchen organization
629,Filter,Paint chip filter,Filter designed like paint store chips,Design culture
630,Filter,Thread spool filter,Filter styled like thread spools,Sewing culture
631,Filter,Button collection filter,Filter designed like a button collection,Sewing culture
632,Filter,Stamp filter,Filter styled like postage stamps,Mail culture
633,Filter,Coin filter,Filter designed like coin sorting,Numismatic culture
634,Filter,Shell collection filter,Filter styled like a shell collection,Beach culture
635,Filter,Stone collection filter,Filter designed like a stone collection,Geology culture
636,Filter,Leaf collection filter,Filter styled like pressed leaves,Botanical culture
637,Filter,Feather collection filter,Filter designed like a feather collection,Natural history
638,Filter,Seed packet filter,Filter styled like seed packets,Gardening culture
639,Filter,Tea bag filter,Filter designed like tea bag tags,Tea culture
640,Filter,Wine cork filter,Filter styled like wine cork collection,Wine culture
641,Tag,Hand-drawn tag,Tag with hand-drawn border and text,Sketch quality
642,Tag,Label maker tag,Tag styled like embossed label maker text,Vintage office
643,Tag,Price tag,Tag designed like a physical price tag,Retail culture
644,Tag,Luggage tag,Tag styled like a luggage tag,Travel culture
645,Tag,Name tag,Tag designed like a conference name tag,Event culture
646,Tag,Plant label tag,Tag styled like a garden plant label,Gardening culture
647,Tag,File folder tag,Tag designed like a file folder tab,Office organization
648,Tag,Bookmark tag,Tag styled like a bookmark,Reading culture
649,Tag,Shipping label tag,Tag designed like a shipping label,Logistics culture
650,Tag,Apothecary label tag,Tag styled like an apothecary jar label,Medical heritage
651,Tag,Specimen label tag,Tag designed like a museum specimen label,Natural history
652,Tag,Archive tag,Tag styled like an archive label,Documentation culture
653,Tag,Library spine tag,Tag designed like a library book spine label,Library culture
654,Tag,Wine label tag,Tag styled like a wine bottle label,Wine culture
655,Tag,Jam jar tag,Tag designed like a homemade jam jar label,Preserving culture
656,Tag,Honey jar tag,Tag styled like a honey jar label,Beekeeping culture
657,Tag,Soap label tag,Tag designed like artisan soap label,Craft culture
658,Tag,Candle label tag,Tag styled like a candle label,Artisan culture
659,Tag,Bread tag,Tag designed like a bakery bread tag,Food culture
660,Tag,Cheese label tag,Tag styled like a cheese label,Dairy culture
661,Badge,Hand-drawn badge,Badge with hand-drawn border and design,Sketch quality
662,Badge,Merit badge,Badge styled like a scout merit badge,Achievement culture
663,Badge,Police badge,Badge designed like a police badge,Authority symbol
664,Badge,Enamel pin badge,Badge styled like an enamel lapel pin,Accessory culture
665,Badge,Button badge,Badge designed like a pin-back button,Activism culture
666,Badge,Seal badge,Badge styled like an official seal,Authority symbol
667,Badge,Ribbon badge,Badge designed like a prize ribbon,Achievement symbol
668,Badge,Shield badge,Badge styled like a heraldic shield,Heritage symbol
669,Badge,Crest badge,Badge designed like a family crest,Heritage culture
670,Badge,Military patch badge,Badge styled like a military patch,Military culture
671,Badge,Space mission patch,Badge designed like a NASA mission patch,Space culture
672,Badge,Fire department badge,Badge styled like a fire department emblem,Service culture
673,Badge,Club badge,Badge designed like a club membership badge,Community culture
674,Badge,Union badge,Badge styled like a trade union badge,Labor culture
675,Badge,Guild badge,Badge designed like a medieval guild badge,Craft heritage
676,Badge,Explorer badge,Badge styled like an explorer's badge,Adventure culture
677,Badge,Ranger badge,Badge designed like a park ranger badge,Nature conservation
678,Badge,Volunteer badge,Badge styled like a volunteer badge,Community service
679,Badge,Certification badge,Badge designed like a professional certification,Professional achievement
680,Badge,Milestone badge,Badge styled like a milestone marker,Achievement tracking
681,Progress,Hand-drawn progress bar,Progress bar with hand-drawn fill,Sketch quality
682,Progress,Thermometer progress,Progress styled like a thermometer filling,Measurement tool
683,Progress,Battery progress,Progress designed like a battery charging,Energy metaphor
684,Progress,Cup filling progress,Progress styled like a cup being filled,Completion metaphor
685,Progress,Plant growth progress,Progress designed like a plant growing,Growth metaphor
686,Progress,Sun arc progress,Progress styled like sun moving across sky,Time metaphor
687,Progress,Moon phase progress,Progress designed like moon phases cycling,Astronomical metaphor
688,Progress,Hourglass progress,Progress styled like sand in an hourglass,Time keeping
689,Progress,Candle burn progress,Progress designed like a candle burning down,Time metaphor
690,Progress,Thread spool progress,Progress styled like thread being wound,Sewing metaphor
691,Progress,Paint fill progress,Progress designed like paint filling a container,Paint metaphor
692,Progress,Ink well progress,Progress styled like ink being used,Writing metaphor
693,Progress,Book page progress,Progress designed like pages being turned,Reading metaphor
694,Progress,Mountain climb progress,Progress styled like climbing a mountain,Achievement metaphor
695,Progress,Road trip progress,Progress designed like a car on a road map,Travel metaphor
696,Progress,Recipe step progress,Progress styled like recipe steps being completed,Cooking metaphor
697,Progress,Building construction progress,Progress designed like a building going up,Construction metaphor
698,Progress,Puzzle completion progress,Progress styled like a puzzle being assembled,Problem-solving metaphor
699,Progress,Garden planting progress,Progress designed like a garden being planted,Growth metaphor
700,Progress,Weaving progress,Progress styled like fabric being woven,Textile metaphor
701,Chart,Hand-drawn bar chart,Bar chart with hand-drawn bars,Sketch quality
702,Chart,Sketch line chart,Line chart with hand-drawn lines,Drawing quality
703,Chart,Watercolor pie chart,Pie chart with watercolor fill,Paint medium
704,Chart,Ink wash chart,Chart with ink wash shading,Traditional technique
705,Chart,Chalkboard chart,Chart drawn on chalkboard background,Classroom culture
706,Chart,Blueprint chart,Chart styled like a blueprint,Engineering culture
707,Chart,Graph paper chart,Chart on graph paper background,Technical drawing
708,Chart,Newspaper chart,Chart styled like a newspaper graphic,Journalism
709,Chart,Infographic chart,Chart designed like a vintage infographic,Information design
710,Chart,Field notebook chart,Chart styled like a field researcher's notebook,Scientific observation
711,Chart,Weather map chart,Chart designed like a weather map,Meteorology
712,Chart,Nautical chart,Chart styled like a nautical chart,Navigation
713,Chart,Astronomical chart,Chart designed like a star chart,Astronomy
714,Chart,Anatomical chart,Chart styled like an anatomical drawing,Medical culture
715,Chart,Botanical chart,Chart designed like a botanical illustration,Botanical culture
716,Chart,Geological chart,Chart styled like a geological survey,Geology
717,Chart,Architectural chart,Chart designed like an architectural drawing,Architecture
718,Chart,Engineering chart,Chart styled like an engineering diagram,Engineering
719,Chart,Artisan chart,Chart designed like an artisan's measurement record,Craft culture
720,Chart,Recipe chart,Chart styled like a recipe measurement guide,Cooking culture
721,Table,Hand-drawn table grid,Table with hand-drawn grid lines,Sketch quality
722,Table,Ledger table,Table styled like a paper ledger,Accounting culture
723,Table,Spreadsheet table,Table designed like a printed spreadsheet,Office culture
724,Table,Inventory table,Table styled like an inventory list,Stock management
725,Table,Schedule table,Table designed like a printed schedule,Time management
726,Table,Timetable table,Table styled like a train timetable,Transport culture
727,Table,Menu table,Table designed like a restaurant menu,Food culture
728,Table,Pricelist table,Table styled like a price list,Retail culture
729,Table,Catalog table,Table designed like a product catalog,Commerce
730,Table,Directory table,Table styled like a directory listing,Organization
731,Table,Register table,Table designed like a register entry,Record keeping
732,Table,Logbook table,Table styled like a logbook entry,Documentation
733,Table,Manifest table,Table designed like a shipping manifest,Logistics
734,Table,Roster table,Table styled like a team roster,Organization
735,Table,Index table,Table designed like a book index,Reference
736,Table,Glossary table,Table styled like a glossary,Reference
737,Table,Recipe table,Table designed like a recipe ingredient list,Cooking culture
738,Table,Prescription table,Table styled like a prescription list,Medical culture
739,Table,Blueprint table,Table designed like a blueprint schedule,Engineering
740,Table,Exhibit table,Table styled like a museum exhibit label,Cultural institution
741,Avatar,Hand-drawn avatar,Avatar with hand-drawn portrait,Sketch quality
742,Avatar,Sketch portrait avatar,Avatar styled like a pencil sketch,Drawing culture
743,Avatar,Watercolor portrait avatar,Avatar designed like a watercolor portrait,Paint culture
744,Avatar,Pixel art avatar,Avatar styled like pixel art,Digital craft
745,Avatar,Stamp portrait avatar,Avatar designed like a rubber stamp portrait,Stamp culture
746,Avatar,Silhouette avatar,Avatar styled like a paper silhouette portrait,Portrait tradition
747,Avatar,Emoji-style avatar,Avatar designed like a hand-drawn emoji,Expression culture
748,Avatar,Caricature avatar,Avatar styled like a caricature drawing,Humor culture
749,Avatar,Passport photo avatar,Avatar designed like a passport photo,Identity culture
750,Avatar,Yearbook photo avatar,Avatar styled like a yearbook photo,School culture
751,Avatar,Trading card avatar,Avatar designed like a trading card,Collecting culture
752,Avatar,Playing card avatar,Avatar styled like a playing card face,Game culture
753,Avatar,Coin portrait avatar,Avatar designed like a coin portrait,Minting culture
754,Avatar,Medal portrait avatar,Avatar styled like a medal portrait,Honor culture
755,Avatar,Stamp portrait avatar,Avatar designed like a postage stamp portrait,Mail culture
756,Avatar,Badge portrait avatar,Avatar styled like a badge portrait,Identity culture
757,Avatar,Woodcut portrait avatar,Avatar designed like a woodcut portrait,Print culture
758,Avatar,Mosaic portrait avatar,Avatar styled like a mosaic portrait,Ancient craft
759,Avatar,Stained glass portrait avatar,Avatar designed like stained glass portrait,Architectural craft
760,Avatar,Embroidered portrait avatar,Avatar styled like an embroidered portrait,Textile craft
761,Social,Hand-drawn share button,Share button with hand-drawn icon,Sketch quality
762,Social,Stamp-style like button,Like button designed like a rubber stamp,Stamp culture
763,Social,Heart stamp social, Social interaction shown as a heart stamp,Affection culture
764,Social,Comment speech bubble,Social comment styled like a speech bubble,Conversation
765,Social,Letter social interaction,Social interaction designed like letter exchange,Correspondence
766,Social,Postcard social,Social sharing styled like postcard exchange,Mail culture
767,Social,Guestbook social,Social interaction designed like a guestbook,Visitor culture
768,Social,Message board social,Social styled like a physical message board,Community board
769,Social,Bulletin board social,Social designed like a bulletin board,Community culture
770,Social,Town square social,Social styled like a town square gathering,Community metaphor
771,Social,Coffee shop social,Social designed like a coffee shop conversation,Social culture
772,Social,Book club social,Social styled like a book club discussion,Reading culture
773,Social,Salon social,Social designed like a literary salon,Intellectual culture
774,Social,Marketplace social,Social styled like a marketplace interaction,Commerce culture
775,Social,Pub social,Social designed like a pub conversation,Public house culture
776,Social,Garden social,Social styled like a community garden,Shared space
777,Social,Workshop social,Social designed like a workshop collaboration,Craft culture
778,Social,Studio social,Social styled like an artist studio visit,Art culture
779,Social,Gallery social,Social designed like a gallery opening,Art culture
780,Social,Theater social,Social styled like a theater lobby conversation,Performance culture
781,Onboarding,Hand-drawn welcome,Onboarding with hand-drawn welcome illustration,Sketch quality
782,Onboarding,Guided tour steps,Onboarding styled like a guided museum tour,Cultural institution
783,Onboarding,Map journey onboarding,Onboarding designed like a map journey,Exploration metaphor
784,Onboarding,Recipe steps onboarding,Onboarding styled like following a recipe,Cooking metaphor
785,Onboarding,Instruction manual onboarding,Onboarding designed like an instruction manual,Product culture
786,Onboarding,Field guide onboarding,Onboarding styled like a field guide,Natural history
787,Onboarding,Apprentice onboarding,Onboarding designed like an apprenticeship,Craft tradition
788,Onboarding,Scout handbook onboarding,Onboarding styled like a scout handbook,Learning culture
789,Onboarding,Workbook onboarding,Onboarding designed like a workbook,Educational culture
790,Onboarding,Orientation onboarding,Onboarding styled like a school orientation,Educational culture
791,Onboarding,Welcome letter onboarding,Onboarding designed like a welcome letter,Correspondence
792,Onboarding,Starter kit onboarding,Onboarding styled like a starter kit,Product culture
793,Onboarding,First steps onboarding,Onboarding designed like a baby's first steps,Growth metaphor
794,Onboarding,Seed planting onboarding,Onboarding styled like planting seeds,Growth metaphor
795,Onboarding,Foundation laying onboarding,Onboarding designed like laying a foundation,Construction metaphor
796,Onboarding,Compass onboarding,Onboarding styled like receiving a compass,Navigation metaphor
797,Onboarding,Key handover onboarding,Onboarding designed like receiving a key,Access metaphor
798,Onboarding,Passport stamp onboarding,Onboarding styled like getting a passport stamp,Travel metaphor
799,Onboarding,Initiation onboarding,Onboarding designed like a craft guild initiation,Tradition culture
800,Onboarding,Welcome mat onboarding,Onboarding styled like a welcome mat,Hospitality culture
801,Accessibility,High contrast hand-drawn,High contrast elements with hand-drawn quality,Sketch accessibility
802,Accessibility,Large text hand-drawn,Large text with hand-drawn character,Readable craft
803,Accessibility,Screen reader annotations,Annotations designed for screen reader compatibility,Inclusive design
804,Accessibility,Keyboard navigation hints,Keyboard shortcuts shown as hand-drawn hints,Inclusive interaction
805,Accessibility,Focus indicator hand-drawn,Focus indicator styled like a hand-drawn circle,Sketch accessibility
806,Accessibility,Alt text illustrations,Alternative text shown as hand-drawn descriptions,Inclusive design
807,Accessibility,Reduced motion variants,Reduced motion with subtle hand-drawn stillness,Accessibility consideration
808,Accessibility,Tactile pattern indicators,Patterns that work for color-blind users,Inclusive design
809,Accessibility,Voice command hints,Voice commands shown as speech bubbles,Inclusive interaction
810,Accessibility,Dyslexia-friendly text layout,Text layout optimized for dyslexia readers,Reading accessibility
811,Accessibility,Cognitive load reduction,Simplified layouts with hand-drawn clarity,Mental accessibility
812,Accessibility,Motion sensitivity indicators,Indicators for users sensitive to motion,Health consideration
813,Accessibility,Epilepsy-safe animations,Animations designed to be seizure-safe,Health consideration
814,Accessibility,Color-blind palette,Color palette tested for color-blind accessibility,Inclusive design
815,Accessibility,Font size controls,Font size controls styled like physical adjustment knobs,Accessible control
816,Accessibility,Reading guide overlay,Reading guide overlay like a ruler,Reading aid
817,Accessibility,Text-to-speech indicator,Indicator showing text being read aloud,Inclusive technology
818,Accessibility,Gesture alternative indicators,Alternative to gesture-based interactions,Motor accessibility
819,Accessibility,Time extension indicators,Indicators for extended time options,Cognitive accessibility
820,Accessibility,Plain language toggle,Toggle for simplified language,Cognitive accessibility
821,Organic Shape,Hand-drawn blob,Organic blob shape with hand-drawn quality,Sketch quality
822,Organic Shape,Watercolor blob,Organic shape with watercolor fill and bleed,Paint medium
823,Organic Shape,Ink spill shape,Organic shape like spilled ink,Accident beauty
824,Organic Shape,Cloud shape,Organic cloud-like shape,Atmospheric form
825,Organic Shape,Leaf shape,Organic leaf shape with visible veins,Natural form
826,Organic Shape,Petal shape,Organic petal shape with soft edges,Floral form
827,Organic Shape,Stone shape,Organic river stone shape,Natural form
828,Organic Shape,Drop shape,Organic water drop shape,Fluid form
829,Organic Shape,Flame shape,Organic flame shape,Fire form
830,Organic Shape,Smoke shape,Organic smoke wisps shape,Atmospheric form
831,Organic Shape,Shell shape,Organic shell spiral shape,Natural geometry
832,Organic Shape,Wave shape,Organic wave shape,Water form
833,Organic Shape,Mountain shape,Organic mountain silhouette,Landform
834,Organic Shape,Branch shape,Organic tree branch shape,Plant form
835,Organic Shape,Root shape,Organic root system shape,Plant form
836,Organic Shape,Cell shape,Organic cell-like shape,Biological form
837,Organic Shape,Organ shape,Organic organ-like shape,Biological form
838,Organic Shape,Fingerprint shape,Organic fingerprint ridge pattern,Human identity
839,Organic Shape,Topographic shape,Organic topographic contour shape,Map form
840,Organic Shape,Marble vein shape,Organic marble veining shape,Stone form
841,Brutalist,Raw border edges,Elements with raw unfinished border edges,Intentional rawness
842,Brutalist,System font usage,Deliberate use of system default fonts,Anti-design
843,Brutalist,Visible grid lines,Grid lines left visible as design element,Structural honesty
844,Brutalist,Overlapping elements,Elements that intentionally overlap without refinement,Compositional rawness
845,Brutalist,Default browser styles,Deliberate use of unstyled browser defaults,Anti-polish
846,Brutalist,Monospace everything,All text in monospace for raw technical feel,Terminal aesthetic
847,Brutalist,High contrast black and white,Stark black and white with no gray,Graphic rawness
848,Brutalist,Intentional misalignment,Elements deliberately misaligned,Anti-perfection
849,Brutalist,Oversized typography,Extremely large type that dominates the viewport,Typographic aggression
850,Brutalist,Visible HTML structure,HTML structure tags visible as design,Anti-abstraction
851,Brutalist,Clipped content,Content that intentionally clips at boundaries,Anti-containment
852,Brutalist,Marquee text,Scrolling marquee text as design element,Web nostalgia
853,Brutalist,Blinking elements,Intentional blinking elements,Web nostalgia
854,Brutalist,Cursor trail,Visible cursor trail following mouse movement,Interactive rawness
855,Brutalist,Table-based layout,Deliberate table-based layout,Web nostalgia
856,Brutalist,Animated GIF aesthetic,Design that embraces animated GIF culture,Internet culture
857,Brutalist,Under construction aesthetic,Elements that reference web under construction,Web nostalgia
858,Brutalist,Visitor counter,Visible visitor counter element,Web nostalgia
859,Brutalist,Broken image aesthetic,Deliberate broken image icon as design,Internet culture
860,Brutalist,ASCII art elements,ASCII art used as decorative elements,Terminal culture
861,Craft Material,Paper craft elements,Elements designed with paper craft techniques,Paper craft
862,Craft Material,Origami elements,Elements that look folded from paper,Origami craft
863,Craft Material,Quilling elements,Elements designed with paper quilling technique,Paper craft
864,Craft Material,Decoupage elements,Elements with decoupage layered paper effect,Paper craft
865,Craft Material,Papier-mache elements,Elements with papier-mache texture,Paper craft
866,Craft Material,Clay elements,Elements that look molded from clay,Pottery craft
867,Craft Material,Ceramic elements,Elements with ceramic glaze texture,Pottery craft
868,Craft Material,Wood elements,Elements with visible wood grain and texture,Woodworking
869,Craft Material,Metal elements,Elements with brushed or forged metal texture,Metalworking
870,Craft Material,Glass elements,Elements with frosted or blown glass texture,Glass craft
871,Craft Material,Textile elements,Elements with woven fabric texture,Textile craft
872,Craft Material,Leather elements,Elements with tooled leather texture,Leather craft
873,Craft Material,Wax elements,Elements with wax seal or candle texture,Wax craft
874,Craft Material,Resin elements,Elements with resin and embedded objects,Resin craft
875,Craft Material,Concrete elements,Elements with raw concrete texture,Architectural material
876,Craft Material,Stone elements,Elements with carved stone texture,Stone craft
877,Craft Material,Chalk elements,Elements with chalk texture and dust,Classroom material
878,Craft Material,Pastel elements,Elements with pastel chalk texture,Art medium
879,Craft Material,Charcoal elements,Elements with charcoal texture and smudging,Drawing medium
880,Craft Material,Ink elements,Elements with ink wash and bleed,Print medium
881,Imperfection,Wobble line effect,Lines with intentional hand-drawn wobble,Human gesture
882,Imperfection,Inconsistent spacing,Spacing that varies naturally rather than being uniform,Human rhythm
883,Imperfection,Slight rotation variation,Elements rotated slightly differently,Human placement
884,Imperfection,Size inconsistency,Elements with slight size variations,Human variation
885,Imperfection,Color drift,Colors that drift slightly across a surface,Hand-mixed paint
886,Imperfection,Edge roughness,Edges that are slightly rough instead of pixel-perfect,Hand-cut quality
887,Imperfection,Alignment drift,Elements that drift from perfect alignment,Human placement
888,Imperfection,Weight variation,Line weights that vary naturally,Hand-drawn pressure
889,Imperfection,Texture inconsistency,Texture that varies across a surface,Material variation
890,Imperfection,Opacity variation,Opacity that varies slightly across elements,Hand-applied medium
891,Imperfection,Bleed beyond bounds,Elements that slightly bleed beyond their container,Physical medium
892,Imperfection,Registration error,Elements with slight misregistration like print,Print imperfection
893,Imperfection,Dot gain,Elements with slight dot gain like printing,Print behavior
894,Imperfection,Moire pattern,Subtle moire pattern from overlapping elements,Print artifact
895,Imperfection,Banding,Subtle color banding in gradients,Analog gradient
896,Imperfection,Noise overlay,Subtle noise overlay across the design,Film grain
897,Imperfection,Vignette effect,Subtle darkening at edges of viewport,Optical effect
898,Imperfection,Chromatic aberration,Subtle color fringing at edges,Optical imperfection
899,Imperfection,Light leak,Subtle light leak effect at edges,Film imperfection
900,Imperfection,Dust and scratches,Subtle dust and scratch effects,Film imperfection
901,Sound Design,Page turn sound,Subtle page turn sound on navigation,Book interaction
902,Sound Design,Typewriter key sound,Typewriter key strike on text input,Writing tool
903,Sound Design,Pencil scratch sound,Pencil on paper sound on drawing actions,Drawing medium
904,Sound Design,Stamp impression sound,Rubber stamp sound on confirmation,Office tool
905,Sound Design,Paper rustle sound,Paper rustling on scroll,Physical paper
906,Sound Design,Ink drop sound,Ink drop sound on element appearance,Print medium
907,Sound Design,Brush stroke sound,Brush on canvas sound on paint effects,Paint medium
908,Sound Design,Chalk on board sound,Chalk writing sound on text input,Classroom material
909,Sound Design,Wood knock sound,Wood knock sound on button press,Woodworking
910,Sound Design,Metal click sound,Metal click sound on toggle,Machine control
911,Sound Design,Fabric rustle sound,Fabric rustling on hover,Textile material
912,Sound Design,Water drop sound,Water drop sound on loading completion,Water element
913,Sound Design,Fire crackle sound,Subtle fire crackle on warm interactions,Fire element
914,Sound Design,Wind sound,Subtle wind on scroll,Natural element
915,Sound Design,Bird call sound,Subtle bird call on positive actions,Nature element
916,Sound Design,Rain sound,Subtle rain on background,Weather element
917,Sound Design,Clock tick sound,Subtle clock tick on timed actions,Time element
918,Sound Design,Record needle sound,Record needle drop on media play,Music culture
919,Sound Design,Camera shutter sound,Camera shutter on capture actions,Photography
920,Sound Design,Match strike sound,Match strike on ignition actions,Fire starting
921,Spacing,Breathing room spacing,Variable spacing that gives elements room to breathe,Organic rhythm
922,Spacing,Asymmetric margins,Margins that differ on each side,Human composition
923,Spacing,Proportional spacing,Spacing based on visual weight not mathematical equality,Intuitive design
924,Spacing,Tight cluster spacing,Some elements clustered tightly while others spaced wide,Natural grouping
925,Spacing,Rhythmic spacing,Spacing that follows a natural rhythm not a strict grid,Musical rhythm
926,Spacing,Golden ratio spacing,Spacing based on golden ratio proportions,Natural mathematics
927,Spacing,Fibonacci spacing,Spacing following Fibonacci sequence,Natural growth pattern
928,Spacing,Organic whitespace,Whitespace that flows naturally around content,Negative space
929,Spacing,Variable line height,Line height that varies for visual interest,Typographic variation
930,Spacing,Intentional crowding,Some areas intentionally crowded for density contrast,Compositional tension
931,Spacing,Generous margins,Unusually generous margins for breathing room,Confident restraint
932,Spacing,Overlapping spacing,Elements that overlap rather than sit side by side,Physical layering
933,Spacing,Depth-based spacing,Spacing that varies by perceived depth,Spatial hierarchy
934,Spacing,Content-driven spacing,Spacing determined by content needs not grid rules,Content-first
935,Spacing,Emotional spacing,Spacing that reflects the emotional tone of content,Emotional design
936,Spacing,Cultural spacing,Spacing based on cultural reading patterns,Cultural sensitivity
937,Spacing,Contextual spacing,Spacing that adapts to the context of use,Adaptive design
938,Spacing,Narrative spacing,Spacing that supports the narrative flow,Storytelling
939,Spacing,Pacing spacing,Spacing that controls the pacing of content consumption,Rhythm control
940,Spacing,Attention spacing,Spacing that guides attention to important elements,Visual hierarchy
941,Border,Hand-drawn border,Border with irregular hand-drawn lines,Sketch quality
942,Border,Ink bleed border,Border with ink bleeding beyond the line,Print medium
943,Border,Brush stroke border,Border that looks like a single brush stroke,Painting gesture
944,Border,Thread border,Border that looks like a stitched thread,Textile craft
945,Border,Torn paper border,Border with torn paper edge effect,Physical tearing
946,Border,Burned edge border,Border with burned or scorched edge effect,Fire effect
947,Border,Worn edge border,Border with worn and faded edges,Aging effect
948,Border,Watercolor edge border,Border with watercolor bleeding at edges,Paint medium
949,Border,Charcoal edge border,Border with charcoal smudge at edges,Drawing medium
950,Border,Chalk edge border,Border with chalk dust at edges,Classroom material
951,Border,Stamp edge border,Border with rubber stamp texture,Stamp medium
952,Border,Woodcut edge border,Border with woodcut print texture,Relief printing
953,Border,Etched border,Border with etched metal texture,Metalworking
954,Border,Carved border,Border with carved wood or stone texture,Carving craft
955,Border,Embroidered border,Border with visible embroidery stitches,Textile craft
956,Border,Braided border,Border that looks like braided material,Rope craft
957,Border,Woven border,Border with woven pattern,Weaving craft
958,Border,Knotted border,Border with visible knot details,Rope craft
959,Border,Sealed border,Border with wax seal at corners,Document craft
960,Border,Filigree border,Border with hand-drawn filigree ornament,Decorative craft
961,Shadow,Hand-drawn shadow,Shadow with irregular hand-drawn quality,Sketch quality
962,Shadow,Soft natural shadow,Shadow that mimics natural light softness,Natural lighting
963,Shadow,Hard direct shadow,Shadow with sharp edges like direct sunlight,Direct lighting
964,Shadow,Colored shadow,Shadow with subtle color tint from light source,Colored lighting
965,Shadow,Double shadow,Element with two shadows from different light sources,Complex lighting
966,Shadow,Long shadow,Extended shadow like late afternoon sun,Time of day
967,Shadow,Diffused shadow,Shadow with soft diffused edges,Overcast lighting
968,Shadow,Dappled shadow,Shadow with dappled light pattern,Tree canopy lighting
969,Shadow,Reflected shadow,Shadow with color reflected from nearby surfaces,Reflected light
970,Shadow,Cast shadow pattern,Shadow with pattern cast through an object,Projected pattern
971,Shadow,Water reflection shadow,Shadow reflected on water surface,Water reflection
972,Shadow,Candlelight shadow,Shadow with warm flickering candlelight quality,Candle lighting
973,Shadow,Firelight shadow,Shadow with dancing firelight quality,Fire lighting
974,Shadow,Moonlight shadow,Shadow with cool moonlight quality,Moon lighting
975,Shadow,Lamp shadow,Shadow with warm lamp quality,Artificial lighting
976,Shadow,Window shadow,Shadow with window frame pattern,Architectural lighting
977,Shadow,Blind shadow,Shadow with Venetian blind pattern,Architectural lighting
978,Shadow,Lace shadow,Shadow with lace pattern projected,Decorative lighting
979,Shadow,Foliage shadow,Shadow with leaf pattern projected,Natural lighting
980,Shadow,Cloud shadow,Shadow with soft cloud edge pattern,Weather lighting
981,Feedback,Hand-drawn checkmark,Confirmation checkmark drawn by hand,Sketch quality
982,Feedback,Stamp approval feedback,Feedback shown as a stamped approval,Official mark
983,Feedback,Red pen correction feedback,Feedback styled like a teacher's correction,Educational feedback
984,Feedback,Gold star feedback,Feedback shown as a gold star,Educational reward
985,Feedback,Thumbs up sketch,Feedback shown as a hand-drawn thumbs up,Personal approval
986,Feedback,Heart feedback,Feedback shown as a hand-drawn heart,Emotional response
987,Feedback,Nod animation,Feedback shown as a subtle nod animation,Human acknowledgment
988,Feedback,Wink feedback,Feedback shown as a subtle wink,Playful acknowledgment
989,Feedback,Smile feedback,Feedback shown as a hand-drawn smile,Friendly response
990,Feedback,High five feedback,Feedback shown as a high five gesture,Enthusiastic response
991,Feedback,Applause feedback,Feedback shown as hand-drawn applause,Celebratory response
992,Feedback,Confetti feedback,Feedback shown as hand-drawn conf burst,Celebration
993,Feedback,Bell ring feedback,Feedback shown as a bell ringing,Attention signal
994,Feedback,Flag raise feedback,Feedback shown as a flag being raised,Achievement signal
995,Feedback,Horn toot feedback,Feedback shown as a horn tooting,Celebratory signal
996,Feedback,Firework feedback,Feedback shown as a firework burst,Celebration
997,Feedback,Bloom feedback,Feedback shown as a flower blooming,Growth response
998,Feedback,Sunrise feedback,Feedback shown as a sunrise,Positive beginning
999,Feedback,Rainbow feedback,Feedback shown as a rainbow appearing,Natural beauty
1000,Feedback,Standing ovation feedback,Feedback shown as a standing ovation,Ultimate approval
